<?xml version="1.0" encoding="UTF-8"?>
<LightningComponentBundle xmlns="http://soap.sforce.com/2006/04/metadata">
    <apiVersion>61.0</apiVersion>
    <isExposed>true</isExposed>
       <targets>
        <target>lightning__AppPage</target>
        <target>lightning__RecordPage</target>
        <target>lightning__HomePage</target>
    </targets>

        <targetConfigs>
        <targetConfig targets="lightning__RecordPage">
            <property name="enableSearch" type="Boolean" label="Enable Search" />
        </targetConfig>
    </targetConfigs>
</LightningComponentBundle>